"","Row","Col","Start","Sequence","ProbeUID","ControlType","ProbeName","GeneName","SystematicName","Description","logFC","AveExpr","t","P.Value","adj.P.Val","B"
"4869",30,113,1692,"TAGGAGTCCCAATTATTTTTGACTAGGGGATGGGGGACAGTTGACATTTCTGGTCCTACA",4661,0,"A_32_P176018","ACTL8","NM_030812","""ref|Homo sapiens actin-like 8 (ACTL8), mRNA [NM_030812]""",-4.96556257898071,4.39677185355707,-22.1209477969974,3.40625041602598e-05,0.393123165778953,-1.01420648907492
"37303",228,75,3614,"CTGGAATATTGTGAATGACTAGGGAGGTGGGGTAGAGCACTCTCCGTCCTGCTGCTGGCA",34706,0,"A_23_P259292","C1QTNF5","NM_015645","""ref|Homo sapiens C1q and tumor necrosis factor related protein 5 (C1QTNF5), transcript variant 1, mRNA [NM_015645]""",-3.13769896656141,5.92609283457216,-13.7139166588113,0.000209655273342352,0.393123165778953,-1.17369148457389
"49068",300,32,0,"",88,1,"(+)E1A_r60_a22","E1A_r60_a22","E1A_r60_a22","",2.78845015759647,5.75553148261767,12.9641493757263,0.000259224657657354,0.393123165778953,-1.20291300188041
"40740",249,68,0,"",19915,1,"DCP_22_0","DCP_22_0","DCP_22_0","",2.76012128947411,5.99218210097813,12.9303814881377,0.000261786630341509,0.393123165778953,-1.2043373099202
"22975",141,15,0,"",88,1,"(+)E1A_r60_a22","E1A_r60_a22","E1A_r60_a22","",2.88704489726987,5.65857903728198,12.8591437073865,0.000267296551752121,0.393123165778953,-1.20737504787044
"18266",112,62,0,"",88,1,"(+)E1A_r60_a22","E1A_r60_a22","E1A_r60_a22","",2.88777699874345,5.95333409597341,12.8316943525695,0.000269458445892159,0.393123165778953,-1.20855763335967
"29891",183,43,2014,"TCCTACCATCAAGAACTCAAGAACTCAGGTCTGTAATTTACAAAGGCATGGGGTGACCAG",27967,0,"A_22_P00018944","ENST00000543321","ENST00000543321","""gb|Homo sapiens cDNA FLJ43688 fis, clone TBAES2003492. [AK125676]""",-2.84360832462129,3.61871873392473,-12.782912207857,0.000273354946048781,0.393123165778953,-1.21067609772229
"210",2,46,0,"",88,1,"(+)E1A_r60_a22","E1A_r60_a22","E1A_r60_a22","",2.75950641467079,5.80352356793028,12.7111527939758,0.000279216230054341,0.393123165778953,-1.21383202464768
"28428",174,56,0,"",88,1,"(+)E1A_r60_a22","E1A_r60_a22","E1A_r60_a22","",2.70451083787081,6.09336807718384,12.6573302642405,0.000283716254729545,0.393123165778953,-1.21623055865145
"9472",58,124,0,"",88,1,"(+)E1A_r60_a22","E1A_r60_a22","E1A_r60_a22","",2.7596968850975,5.87147250886715,12.6556286137468,0.000283860006269222,0.393123165778953,-1.21630683542973
"27307",167,83,0,"",88,1,"(+)E1A_r60_a22","E1A_r60_a22","E1A_r60_a22","",2.68995671554048,6.13754809633515,12.5959987793344,0.000288955641063838,0.393123165778953,-1.21899715335438
"16182",99,110,0,"",88,1,"(+)E1A_r60_a22","E1A_r60_a22","E1A_r60_a22","",2.79004545374178,5.96657670842996,12.5689877789524,0.000291301619074876,0.393123165778953,-1.22022703275729
"19678",120,162,0,"",88,1,"(+)E1A_r60_a22","E1A_r60_a22","E1A_r60_a22","",2.68264336198389,5.74618834113525,12.5531242720563,0.000292690553813888,0.393123165778953,-1.22095263134822
"13907",85,131,0,"",88,1,"(+)E1A_r60_a22","E1A_r60_a22","E1A_r60_a22","",2.67986424088185,5.91323891585124,12.4666543988332,0.00030040933580864,0.393123165778953,-1.22495112524543
"48813",298,105,0,"",88,1,"(+)E1A_r60_a22","E1A_r60_a22","E1A_r60_a22","",2.71206177080653,5.82262707610705,12.4018587231557,0.00030636136803943,0.393123165778953,-1.22799613549933
"55409",338,141,0,"",88,1,"(+)E1A_r60_a22","E1A_r60_a22","E1A_r60_a22","",2.74883228270517,5.63685522706072,12.3770137968085,0.000308682794462257,0.393123165778953,-1.22917496002863
"34549",211,109,0,"",2483,1,"(+)E1A_r60_n9","E1A_r60_n9","E1A_r60_n9","",-2.67258150072657,6.24171835576421,-12.3641187831395,0.000309896363793906,0.393123165778953,-1.22978927766293
"26213",160,137,0,"",2483,1,"(+)E1A_r60_n9","E1A_r60_n9","E1A_r60_n9","",-2.64530995234027,6.14521529420197,-12.3262957613205,0.000313490648756845,0.393123165778953,-1.23160102473886
"50149",306,129,0,"",2483,1,"(+)E1A_r60_n9","E1A_r60_n9","E1A_r60_n9","",-2.66971116002408,5.99920662219817,-12.2826531236681,0.000317703222412478,0.393123165778953,-1.23370997164162
"36144",221,64,0,"",31090,1,"DCP_22_2","DCP_22_2","DCP_22_2","",2.73007915032037,5.53569098846358,12.2088649005631,0.000324988464870171,0.393123165778953,-1.23732123260014
"7985",49,113,0,"",88,1,"(+)E1A_r60_a22","E1A_r60_a22","E1A_r60_a22","",2.63645408751736,5.98508645740751,12.1985509605693,0.000326023408812189,0.393123165778953,-1.23783062404953
"25716",157,132,0,"",88,1,"(+)E1A_r60_a22","E1A_r60_a22","E1A_r60_a22","",2.83279822841794,5.84941188540727,12.1468443390514,0.000331274655359669,0.393123165778953,-1.24040163467844
"39122",239,90,0,"",2483,1,"(+)E1A_r60_n9","E1A_r60_n9","E1A_r60_n9","",-2.59555304315232,6.39347334521116,-12.1399069183928,0.000331987260572435,0.393123165778953,-1.24074879217416
"44610",273,2,0,"",88,1,"(+)E1A_r60_a22","E1A_r60_a22","E1A_r60_a22","",2.89288475315635,5.65501407744908,12.0382469672907,0.000342653686827474,0.393123165778953,-1.24589680839015
"25626",157,42,0,"",2483,1,"(+)E1A_r60_n9","E1A_r60_n9","E1A_r60_n9","",-2.56163969351927,6.11104695112614,-11.9947577993231,0.000347347855949719,0.393123165778953,-1.24813435896141
"48959",299,87,0,"",88,1,"(+)E1A_r60_a22","E1A_r60_a22","E1A_r60_a22","",2.65050150028204,5.97398963689534,11.96608876522,0.000350486530577944,0.393123165778953,-1.24962115457883
"59625",364,93,0,"",88,1,"(+)E1A_r60_a22","E1A_r60_a22","E1A_r60_a22","",2.57792131907493,5.86015153794088,11.9432874337543,0.00035300824854816,0.393123165778953,-1.25081037438484
"21108",129,116,0,"",19915,1,"DCP_22_0","DCP_22_0","DCP_22_0","",2.55376042184858,6.11837268764561,11.9248093988262,0.00035506854668472,0.393123165778953,-1.25177851092388
"52687",322,43,0,"",88,1,"(+)E1A_r60_a22","E1A_r60_a22","E1A_r60_a22","",2.5735571614396,5.9166903285692,11.923700358884,0.000355192683730628,0.393123165778953,-1.25183674371764
"6214",38,146,0,"",88,1,"(+)E1A_r60_a22","E1A_r60_a22","E1A_r60_a22","",2.54300800242693,5.92047249274083,11.9175670674146,0.000355880179231278,0.393123165778953,-1.25215904482516
"58161",355,105,0,"",2483,1,"(+)E1A_r60_n9","E1A_r60_n9","E1A_r60_n9","",-2.55033993956939,6.15255292595981,-11.8892564386473,0.00035907530970848,0.393123165778953,-1.25365243531534
"22915",140,119,6917,"GCAGGTAGCTGCTAAGGCCGGTCTCAACAATTTCATCAAACTGGAACAGACCTTTCTGCA",21455,0,"A_33_P3415596","ENST00000598234","ENST00000598234","ens|Protein LOC388210 {ECO:0000313|Ensembl:ENSP00000471908}  [Source:UniProtKB/TrEMBL;Acc:M0R1J3] [ENST00000598234]",-2.54136725831072,1.1647993194525,-11.8769303150426,0.00036047767470796,0.393123165778953,-1.25430557235119
"42044",257,60,0,"",2483,1,"(+)E1A_r60_n9","E1A_r60_n9","E1A_r60_n9","",-2.562053127681,6.18706551984052,-11.8719738269492,0.000361043519650306,0.393123165778953,-1.25456871048779
"421",3,93,0,"",88,1,"(+)E1A_r60_a22","E1A_r60_a22","E1A_r60_a22","",2.6031355602001,5.98284319303073,11.846695939961,0.000363946700205507,0.393123165778953,-1.25591521545553
"20664",126,164,0,"",2483,1,"(+)E1A_r60_n9","E1A_r60_n9","E1A_r60_n9","",-2.52642110341173,5.9789959869551,-11.8353956692973,0.000365254013109222,0.393123165778953,-1.25651960891098
"29593",181,73,0,"",2483,1,"(+)E1A_r60_n9","E1A_r60_n9","E1A_r60_n9","",-2.56316374204219,6.42566571900716,-11.8338860744687,0.000365429101811007,0.393123165778953,-1.25660046440207
"9199",57,15,0,"",2483,1,"(+)E1A_r60_n9","E1A_r60_n9","E1A_r60_n9","",-2.53167588174784,6.02449115466442,-11.8287032379729,0.0003660310292255,0.393123165778953,-1.25687826924602
"17019",104,127,0,"",2483,1,"(+)E1A_r60_n9","E1A_r60_n9","E1A_r60_n9","",-2.55522673890125,6.18988996616079,-11.8142370814862,0.000367717701395775,0.393123165778953,-1.2576553655929
"24686",151,86,0,"",2483,1,"(+)E1A_r60_n9","E1A_r60_n9","E1A_r60_n9","",-2.56441547351459,6.46040410678036,-11.7499695222538,0.00037532988789876,0.393123165778953,-1.26113815725141
"33379",204,87,0,"",31090,1,"DCP_22_2","DCP_22_2","DCP_22_2","",2.52827692494085,5.57566689111041,11.7461859384295,0.000375784168643718,0.393123165778953,-1.26134475929492
"57041",348,133,0,"",2483,1,"(+)E1A_r60_n9","E1A_r60_n9","E1A_r60_n9","",-2.54604288275146,6.04112460985891,-11.7265460234098,0.000378153372924757,0.393123165778953,-1.2624200080603
"36773",225,37,0,"",88,1,"(+)E1A_r60_a22","E1A_r60_a22","E1A_r60_a22","",2.51495984784996,5.95754190220121,11.6974947679828,0.000381692348188413,0.393123165778953,-1.26401920677123
"58125",355,69,0,"",2483,1,"(+)E1A_r60_n9","E1A_r60_n9","E1A_r60_n9","",-2.51550999212228,6.21875892178557,-11.6960055258283,0.000381874882191877,0.393123165778953,-1.26410146679103
"53797",329,5,0,"",88,1,"(+)E1A_r60_a22","E1A_r60_a22","E1A_r60_a22","",2.53014735293807,5.81658495294836,11.6939878321924,0.000382122362332941,0.393123165778953,-1.26421296029221
"43342",265,46,0,"",2483,1,"(+)E1A_r60_n9","E1A_r60_n9","E1A_r60_n9","",-2.51190948737103,6.16043145692923,-11.66635199048,0.000385532369714376,0.393123165778953,-1.26574515248814
"45167",276,67,0,"",88,1,"(+)E1A_r60_a22","E1A_r60_a22","E1A_r60_a22","",2.8258588762903,5.87529142453509,11.6611892806776,0.000386173625611473,0.393123165778953,-1.26603244058034
"33150",203,22,0,"",2483,1,"(+)E1A_r60_n9","E1A_r60_n9","E1A_r60_n9","",-2.48716249333743,6.07815003774153,-11.6484891860617,0.000387756796316367,0.393123165778953,-1.26674058079426
"49218",301,18,0,"",2483,1,"(+)E1A_r60_n9","E1A_r60_n9","E1A_r60_n9","",-2.49564620498372,6.14436700391739,-11.6216162201596,0.000391133657260402,0.393123165778953,-1.26824567155317
"43084",263,116,0,"",2483,1,"(+)E1A_r60_n9","E1A_r60_n9","E1A_r60_n9","",-2.63464403569475,6.08691806949008,-11.5938119639864,0.000394666459184244,0.393123165778953,-1.2698125483166
"55915",341,155,0,"",2483,1,"(+)E1A_r60_n9","E1A_r60_n9","E1A_r60_n9","",-2.56685174200588,5.99166147736268,-11.5841421979092,0.000395904470216862,0.393123165778953,-1.27035978572874
